transaction_id,date,time,customer_id,product_id,product_name,category,quantity,unit_price,total_amount,payment_method,sales_assistant,discount_applied
TXN_20251009_114950_000,2025-10-09,11:49:50,CUST_9954,GAME_002,Xbox Series X,Gaming,1,499.99,499.99,Cash,Bob Smith,0
TXN_20251009_113242_001,2025-10-09,11:32:42,CUST_1300,ELEC_001,iPhone 15 Pro,Electronics,1,1199.99,1079.991,Cash,David Wilson,10
TXN_20251009_091414_002,2025-10-09,09:14:14,CUST_7641,ACC_004,Phone Case iPhone 15,Accessories,3,24.99,74.97,Digital,Alice Johnson,0
TXN_20251009_144548_003,2025-10-09,14:45:48,CUST_6249,COMP_001,MacBook Air M3,Computers,1,1399.99,1189.9915,Card,Alice Johnson,15
TXN_20251009_150149_004,2025-10-09,15:01:49,CUST_6790,SMART_002,Google Nest Hub,Smart_Home,1,129.99,129.99,Digital,Carol Brown,0
TXN_20251009_170849_005,2025-10-09,17:08:49,CUST_7842,ACC_004,Phone Case iPhone 15,Accessories,3,24.99,74.97,Cash,Bob Smith,0
TXN_20251009_121336_006,2025-10-09,12:13:36,CUST_7233,ELEC_003,iPad Air,Electronics,1,799.99,799.99,Digital,Alice Johnson,0
TXN_20251010_150758_000,2025-10-10,15:07:58,CUST_1646,ELEC_004,AirPods Pro 2,Electronics,2,279.99,559.98,Digital,Carol Brown,0
TXN_20251010_174647_001,2025-10-10,17:46:47,CUST_7387,ACC_003,Wireless Charger,Accessories,2,39.99,75.98100000000001,Cash,Carol Brown,5
TXN_20251010_182641_002,2025-10-10,18:26:41,CUST_3785,ACC_002,USB-C Hub,Accessories,1,49.99,47.490500000000004,Cash,David Wilson,5
TXN_20251010_131556_003,2025-10-10,13:15:56,CUST_6201,ACC_004,Phone Case iPhone 15,Accessories,2,24.99,49.98,Card,Carol Brown,0
TXN_20251010_171931_004,2025-10-10,17:19:31,CUST_5256,GAME_002,Xbox Series X,Gaming,1,499.99,474.9905,Cash,Bob Smith,5
TXN_20251010_181249_005,2025-10-10,18:12:49,CUST_6051,ELEC_001,iPhone 15 Pro,Electronics,2,1199.99,2399.98,Cash,Bob Smith,0
TXN_20251010_184230_006,2025-10-10,18:42:30,CUST_4442,ACC_005,Screen Protector,Accessories,2,19.99,39.98,Cash,Bob Smith,0
TXN_20251010_115239_007,2025-10-10,11:52:39,CUST_1200,ELEC_004,AirPods Pro 2,Electronics,1,279.99,237.9915,Cash,Bob Smith,15
TXN_20251010_121203_008,2025-10-10,12:12:03,CUST_9558,SMART_001,Echo Dot (5th Gen),Smart_Home,3,59.99,179.97,Card,Alice Johnson,0
TXN_20251010_124209_009,2025-10-10,12:42:09,CUST_8047,ACC_004,Phone Case iPhone 15,Accessories,2,24.99,49.98,Card,David Wilson,0
TXN_20251011_175053_000,2025-10-11,17:50:53,CUST_4788,SMART_001,Echo Dot (5th Gen),Smart_Home,3,59.99,179.97,Card,David Wilson,0
TXN_20251011_160453_001,2025-10-11,16:04:53,CUST_6637,SMART_001,Echo Dot (5th Gen),Smart_Home,2,59.99,119.98,Digital,Alice Johnson,0
TXN_20251011_182629_002,2025-10-11,18:26:29,CUST_9896,SMART_001,Echo Dot (5th Gen),Smart_Home,1,59.99,59.99,Digital,Eva Davis,0
TXN_20251011_090441_003,2025-10-11,09:04:41,CUST_4584,ACC_003,Wireless Charger,Accessories,1,39.99,37.990500000000004,Cash,Eva Davis,5
TXN_20251011_091813_004,2025-10-11,09:18:13,CUST_5126,ACC_004,Phone Case iPhone 15,Accessories,1,24.99,24.99,Cash,Carol Brown,0
TXN_20251011_130205_005,2025-10-11,13:02:05,CUST_1859,ACC_004,Phone Case iPhone 15,Accessories,1,24.99,24.99,Card,Bob Smith,0
TXN_20251011_175833_006,2025-10-11,17:58:33,CUST_3805,ELEC_002,Samsung Galaxy S24,Electronics,3,1099.99,3299.9700000000003,Digital,Eva Davis,0
TXN_20251011_181758_007,2025-10-11,18:17:58,CUST_3025,ELEC_003,iPad Air,Electronics,1,799.99,799.99,Cash,Alice Johnson,0
TXN_20251011_124850_008,2025-10-11,12:48:50,CUST_4842,SMART_003,Philips Hue Bulbs (4-pack),Smart_Home,3,89.99,269.96999999999997,Digital,David Wilson,0
TXN_20251011_102618_009,2025-10-11,10:26:18,CUST_4941,ACC_005,Screen Protector,Accessories,1,19.99,19.99,Cash,Bob Smith,0
TXN_20251011_142837_010,2025-10-11,14:28:37,CUST_5391,ELEC_005,Sony WH-1000XM5,Electronics,1,399.99,399.99,Digital,Bob Smith,0
TXN_20251011_180342_011,2025-10-11,18:03:42,CUST_7354,ELEC_003,iPad Air,Electronics,3,799.99,2039.9745000000003,Cash,Alice Johnson,15
TXN_20251012_103404_000,2025-10-12,10:34:04,CUST_3005,ACC_003,Wireless Charger,Accessories,1,39.99,39.99,Cash,Carol Brown,0
TXN_20251012_120848_001,2025-10-12,12:08:48,CUST_4802,SMART_003,Philips Hue Bulbs (4-pack),Smart_Home,1,89.99,76.4915,Digital,Eva Davis,15
TXN_20251012_164539_002,2025-10-12,16:45:39,CUST_3156,ACC_004,Phone Case iPhone 15,Accessories,2,24.99,49.98,Digital,David Wilson,0
TXN_20251012_091140_003,2025-10-12,09:11:40,CUST_7879,ACC_002,USB-C Hub,Accessories,2,49.99,99.98,Card,David Wilson,0
TXN_20251012_110515_004,2025-10-12,11:05:15,CUST_2689,ELEC_004,AirPods Pro 2,Electronics,3,279.99,797.9715,Cash,Carol Brown,5
TXN_20251012_174101_005,2025-10-12,17:41:01,CUST_4417,ACC_001,Magic Mouse,Accessories,3,99.99,299.96999999999997,Card,Carol Brown,0
TXN_20251012_151015_006,2025-10-12,15:10:15,CUST_6231,ELEC_005,Sony WH-1000XM5,Electronics,2,399.99,799.98,Digital,Carol Brown,0
TXN_20251012_111326_007,2025-10-12,11:13:26,CUST_1774,ACC_001,Magic Mouse,Accessories,2,99.99,179.982,Digital,David Wilson,10
TXN_20251012_180639_008,2025-10-12,18:06:39,CUST_3476,ACC_005,Screen Protector,Accessories,2,19.99,39.98,Card,Alice Johnson,0
TXN_20251012_090228_009,2025-10-12,09:02:28,CUST_9538,SMART_002,Google Nest Hub,Smart_Home,2,129.99,259.98,Cash,David Wilson,0
TXN_20251012_110104_010,2025-10-12,11:01:04,CUST_8868,ACC_005,Screen Protector,Accessories,1,19.99,19.99,Card,David Wilson,0
TXN_20251012_095751_011,2025-10-12,09:57:51,CUST_6507,SMART_001,Echo Dot (5th Gen),Smart_Home,3,59.99,179.97,Card,Alice Johnson,0
TXN_20251012_175041_012,2025-10-12,17:50:41,CUST_1081,ACC_004,Phone Case iPhone 15,Accessories,1,24.99,24.99,Cash,Eva Davis,0
TXN_20251013_184106_000,2025-10-13,18:41:06,CUST_4567,SMART_002,Google Nest Hub,Smart_Home,2,129.99,259.98,Cash,Carol Brown,0
TXN_20251013_141041_001,2025-10-13,14:10:41,CUST_9146,SMART_001,Echo Dot (5th Gen),Smart_Home,1,59.99,59.99,Card,Bob Smith,0
TXN_20251013_184632_002,2025-10-13,18:46:32,CUST_5417,ACC_005,Screen Protector,Accessories,2,19.99,33.983,Digital,Bob Smith,15
TXN_20251013_181259_003,2025-10-13,18:12:59,CUST_9364,ACC_005,Screen Protector,Accessories,2,19.99,33.983,Digital,David Wilson,15
TXN_20251014_125824_000,2025-10-14,12:58:24,CUST_4146,ACC_001,Magic Mouse,Accessories,3,99.99,299.96999999999997,Cash,Carol Brown,0
TXN_20251014_104150_001,2025-10-14,10:41:50,CUST_7235,ACC_003,Wireless Charger,Accessories,1,39.99,39.99,Digital,Alice Johnson,0
TXN_20251014_140214_002,2025-10-14,14:02:14,CUST_3458,GAME_001,PlayStation 5,Gaming,1,499.99,499.99,Card,Eva Davis,0
TXN_20251014_152740_003,2025-10-14,15:27:40,CUST_9507,COMP_003,HP Spectre x360,Computers,3,1199.99,3059.9745000000003,Card,Alice Johnson,15
TXN_20251014_094205_004,2025-10-14,09:42:05,CUST_9899,SMART_002,Google Nest Hub,Smart_Home,1,129.99,110.4915,Card,Bob Smith,15
TXN_20251014_160633_005,2025-10-14,16:06:33,CUST_4489,ACC_002,USB-C Hub,Accessories,2,49.99,99.98,Digital,Bob Smith,0
TXN_20251014_185616_006,2025-10-14,18:56:16,CUST_7264,ACC_005,Screen Protector,Accessories,2,19.99,39.98,Digital,Alice Johnson,0
TXN_20251015_183115_000,2025-10-15,18:31:15,CUST_8228,ACC_001,Magic Mouse,Accessories,1,99.99,99.99,Card,Eva Davis,0
TXN_20251015_143505_001,2025-10-15,14:35:05,CUST_6886,ELEC_001,iPhone 15 Pro,Electronics,1,1199.99,1199.99,Digital,Eva Davis,0
TXN_20251015_134726_002,2025-10-15,13:47:26,CUST_4462,SMART_001,Echo Dot (5th Gen),Smart_Home,2,59.99,119.98,Cash,Bob Smith,0
TXN_20251015_154323_003,2025-10-15,15:43:23,CUST_6811,ACC_003,Wireless Charger,Accessories,1,39.99,39.99,Card,Carol Brown,0
TXN_20251015_114012_004,2025-10-15,11:40:12,CUST_7621,ELEC_002,Samsung Galaxy S24,Electronics,3,1099.99,3299.9700000000003,Card,Eva Davis,0
TXN_20251015_100437_005,2025-10-15,10:04:37,CUST_4910,ELEC_001,iPhone 15 Pro,Electronics,2,1199.99,2039.983,Cash,Carol Brown,15
TXN_20251016_181059_000,2025-10-16,18:10:59,CUST_2354,ACC_001,Magic Mouse,Accessories,3,99.99,299.96999999999997,Cash,David Wilson,0
TXN_20251016_130633_001,2025-10-16,13:06:33,CUST_6856,COMP_003,HP Spectre x360,Computers,2,1199.99,2399.98,Cash,Carol Brown,0
TXN_20251016_130054_002,2025-10-16,13:00:54,CUST_2718,ACC_003,Wireless Charger,Accessories,2,39.99,79.98,Card,Alice Johnson,0
TXN_20251016_100041_003,2025-10-16,10:00:41,CUST_4856,COMP_004,Microsoft Surface Pro 9,Computers,3,1099.99,2969.973,Digital,Alice Johnson,10
TXN_20251016_143339_004,2025-10-16,14:33:39,CUST_1075,ACC_003,Wireless Charger,Accessories,3,39.99,119.97,Cash,Bob Smith,0
TXN_20251016_114830_005,2025-10-16,11:48:30,CUST_5706,ACC_004,Phone Case iPhone 15,Accessories,1,24.99,24.99,Card,Bob Smith,0
TXN_20251016_174805_006,2025-10-16,17:48:05,CUST_7488,COMP_003,HP Spectre x360,Computers,1,1199.99,1079.991,Digital,David Wilson,10
TXN_20251016_100426_007,2025-10-16,10:04:26,CUST_3283,ELEC_001,iPhone 15 Pro,Electronics,2,1199.99,2279.981,Card,David Wilson,5
TXN_20251016_105623_008,2025-10-16,10:56:23,CUST_5375,ACC_004,Phone Case iPhone 15,Accessories,2,24.99,49.98,Card,Eva Davis,0
TXN_20251016_105624_009,2025-10-16,10:56:24,CUST_7620,ACC_003,Wireless Charger,Accessories,2,39.99,79.98,Cash,David Wilson,0
TXN_20251016_133130_010,2025-10-16,13:31:30,CUST_4940,ACC_004,Phone Case iPhone 15,Accessories,3,24.99,74.97,Digital,Carol Brown,0
TXN_20251017_125257_000,2025-10-17,12:52:57,CUST_5911,COMP_002,Dell XPS 13,Computers,2,1299.99,2339.982,Cash,Eva Davis,10
TXN_20251017_142624_001,2025-10-17,14:26:24,CUST_3497,ACC_004,Phone Case iPhone 15,Accessories,1,24.99,24.99,Cash,Eva Davis,0
TXN_20251017_184625_002,2025-10-17,18:46:25,CUST_7850,COMP_003,HP Spectre x360,Computers,3,1199.99,3599.9700000000003,Cash,Carol Brown,0
TXN_20251017_114404_003,2025-10-17,11:44:04,CUST_1719,ACC_005,Screen Protector,Accessories,1,19.99,19.99,Card,Carol Brown,0
TXN_20251017_151127_004,2025-10-17,15:11:27,CUST_6244,ELEC_003,iPad Air,Electronics,3,799.99,2399.9700000000003,Digital,Eva Davis,0
TXN_20251018_172425_000,2025-10-18,17:24:25,CUST_1304,ELEC_004,AirPods Pro 2,Electronics,1,279.99,279.99,Card,Carol Brown,0
TXN_20251018_155753_001,2025-10-18,15:57:53,CUST_1185,ELEC_004,AirPods Pro 2,Electronics,3,279.99,839.97,Cash,Eva Davis,0
TXN_20251018_182814_002,2025-10-18,18:28:14,CUST_6344,ELEC_004,AirPods Pro 2,Electronics,3,279.99,839.97,Digital,Eva Davis,0
TXN_20251018_142441_003,2025-10-18,14:24:41,CUST_2876,ACC_005,Screen Protector,Accessories,2,19.99,39.98,Card,Carol Brown,0
TXN_20251018_163950_004,2025-10-18,16:39:50,CUST_7180,SMART_001,Echo Dot (5th Gen),Smart_Home,1,59.99,59.99,Digital,David Wilson,0
TXN_20251018_185403_005,2025-10-18,18:54:03,CUST_2319,COMP_002,Dell XPS 13,Computers,1,1299.99,1299.99,Card,Carol Brown,0
TXN_20251018_181705_006,2025-10-18,18:17:05,CUST_6834,SMART_002,Google Nest Hub,Smart_Home,3,129.99,370.47150000000005,Cash,Carol Brown,5
TXN_20251018_171450_007,2025-10-18,17:14:50,CUST_2443,ELEC_001,iPhone 15 Pro,Electronics,3,1199.99,3599.9700000000003,Card,Carol Brown,0
TXN_20251018_123046_008,2025-10-18,12:30:46,CUST_4449,COMP_002,Dell XPS 13,Computers,3,1299.99,3314.9745000000003,Card,David Wilson,15
TXN_20251018_112718_009,2025-10-18,11:27:18,CUST_3944,GAME_002,Xbox Series X,Gaming,1,499.99,499.99,Cash,Eva Davis,0
TXN_20251018_145933_010,2025-10-18,14:59:33,CUST_2697,SMART_003,Philips Hue Bulbs (4-pack),Smart_Home,2,89.99,170.981,Card,Alice Johnson,5
TXN_20251018_162720_011,2025-10-18,16:27:20,CUST_5763,ACC_003,Wireless Charger,Accessories,1,39.99,39.99,Digital,Alice Johnson,0
TXN_20251018_113401_012,2025-10-18,11:34:01,CUST_6874,SMART_001,Echo Dot (5th Gen),Smart_Home,1,59.99,59.99,Card,Bob Smith,0
TXN_20251018_144236_013,2025-10-18,14:42:36,CUST_7633,ELEC_004,AirPods Pro 2,Electronics,2,279.99,559.98,Cash,Eva Davis,0
TXN_20251018_120951_014,2025-10-18,12:09:51,CUST_2947,ACC_005,Screen Protector,Accessories,2,19.99,39.98,Card,Carol Brown,0
TXN_20251019_110744_000,2025-10-19,11:07:44,CUST_6977,GAME_002,Xbox Series X,Gaming,2,499.99,999.98,Cash,Carol Brown,0
TXN_20251019_182701_001,2025-10-19,18:27:01,CUST_2552,ACC_004,Phone Case iPhone 15,Accessories,2,24.99,49.98,Card,Eva Davis,0
TXN_20251019_094630_002,2025-10-19,09:46:30,CUST_3343,ELEC_002,Samsung Galaxy S24,Electronics,1,1099.99,1099.99,Card,Carol Brown,0
TXN_20251019_132915_003,2025-10-19,13:29:15,CUST_5681,GAME_002,Xbox Series X,Gaming,2,499.99,999.98,Card,Alice Johnson,0
TXN_20251019_120432_004,2025-10-19,12:04:32,CUST_6019,ELEC_002,Samsung Galaxy S24,Electronics,2,1099.99,2199.98,Cash,David Wilson,0
TXN_20251019_174722_005,2025-10-19,17:47:22,CUST_3339,ACC_005,Screen Protector,Accessories,1,19.99,19.99,Card,Alice Johnson,0
TXN_20251019_160637_006,2025-10-19,16:06:37,CUST_3940,ACC_004,Phone Case iPhone 15,Accessories,3,24.99,74.97,Card,Carol Brown,0
TXN_20251019_145051_007,2025-10-19,14:50:51,CUST_6652,COMP_003,HP Spectre x360,Computers,2,1199.99,2399.98,Card,Eva Davis,0
TXN_20251019_134441_008,2025-10-19,13:44:41,CUST_9321,SMART_002,Google Nest Hub,Smart_Home,3,129.99,389.97,Cash,Alice Johnson,0
TXN_20251019_181906_009,2025-10-19,18:19:06,CUST_8039,ACC_002,USB-C Hub,Accessories,3,49.99,134.973,Cash,Eva Davis,10
TXN_20251019_113017_010,2025-10-19,11:30:17,CUST_8445,ACC_004,Phone Case iPhone 15,Accessories,1,24.99,24.99,Cash,David Wilson,0
TXN_20251019_102119_011,2025-10-19,10:21:19,CUST_7994,ACC_004,Phone Case iPhone 15,Accessories,2,24.99,42.483,Card,David Wilson,15
TXN_20251020_143934_000,2025-10-20,14:39:34,CUST_8227,ACC_001,Magic Mouse,Accessories,2,99.99,199.98,Digital,David Wilson,0
TXN_20251020_134917_001,2025-10-20,13:49:17,CUST_8222,ELEC_004,AirPods Pro 2,Electronics,1,279.99,279.99,Digital,Bob Smith,0
TXN_20251020_141130_002,2025-10-20,14:11:30,CUST_4724,SMART_001,Echo Dot (5th Gen),Smart_Home,2,59.99,119.98,Digital,Alice Johnson,0
TXN_20251020_121624_003,2025-10-20,12:16:24,CUST_1489,ELEC_003,iPad Air,Electronics,3,799.99,2399.9700000000003,Card,Alice Johnson,0
TXN_20251020_125817_004,2025-10-20,12:58:17,CUST_7661,ACC_005,Screen Protector,Accessories,1,19.99,19.99,Cash,David Wilson,0
TXN_20251020_150952_005,2025-10-20,15:09:52,CUST_5381,COMP_003,HP Spectre x360,Computers,2,1199.99,2399.98,Digital,David Wilson,0
TXN_20251020_152814_006,2025-10-20,15:28:14,CUST_2309,ELEC_002,Samsung Galaxy S24,Electronics,1,1099.99,989.991,Digital,Eva Davis,10
TXN_20251021_181738_000,2025-10-21,18:17:38,CUST_1037,SMART_001,Echo Dot (5th Gen),Smart_Home,1,59.99,56.990500000000004,Digital,David Wilson,5
TXN_20251021_125113_001,2025-10-21,12:51:13,CUST_8880,ELEC_003,iPad Air,Electronics,2,799.99,1599.98,Digital,Alice Johnson,0
TXN_20251021_144435_002,2025-10-21,14:44:35,CUST_2803,ACC_002,USB-C Hub,Accessories,2,49.99,99.98,Cash,David Wilson,0
TXN_20251021_184929_003,2025-10-21,18:49:29,CUST_3169,ACC_005,Screen Protector,Accessories,3,19.99,50.9745,Digital,David Wilson,15
TXN_20251021_165600_004,2025-10-21,16:56:00,CUST_1327,ACC_005,Screen Protector,Accessories,3,19.99,56.9715,Card,Bob Smith,5
TXN_20251021_140822_005,2025-10-21,14:08:22,CUST_5764,SMART_002,Google Nest Hub,Smart_Home,3,129.99,389.97,Card,Eva Davis,0
TXN_20251021_092518_006,2025-10-21,09:25:18,CUST_7989,ACC_004,Phone Case iPhone 15,Accessories,3,24.99,74.97,Card,Carol Brown,0
TXN_20251022_141426_000,2025-10-22,14:14:26,CUST_7164,ACC_004,Phone Case iPhone 15,Accessories,1,24.99,24.99,Card,Eva Davis,0
TXN_20251022_131012_001,2025-10-22,13:10:12,CUST_5479,SMART_002,Google Nest Hub,Smart_Home,2,129.99,259.98,Card,David Wilson,0
TXN_20251022_172858_002,2025-10-22,17:28:58,CUST_4500,ELEC_001,iPhone 15 Pro,Electronics,1,1199.99,1199.99,Card,David Wilson,0
TXN_20251022_171646_003,2025-10-22,17:16:46,CUST_5113,ACC_003,Wireless Charger,Accessories,1,39.99,39.99,Card,Alice Johnson,0
TXN_20251022_115135_004,2025-10-22,11:51:35,CUST_3684,ELEC_005,Sony WH-1000XM5,Electronics,3,399.99,1199.97,Cash,Carol Brown,0
TXN_20251022_180020_005,2025-10-22,18:00:20,CUST_3573,ELEC_004,AirPods Pro 2,Electronics,1,279.99,279.99,Card,Alice Johnson,0
TXN_20251023_183927_000,2025-10-23,18:39:27,CUST_4638,ACC_003,Wireless Charger,Accessories,2,39.99,79.98,Digital,Bob Smith,0
TXN_20251023_111841_001,2025-10-23,11:18:41,CUST_6388,ACC_001,Magic Mouse,Accessories,3,99.99,299.96999999999997,Card,David Wilson,0
TXN_20251023_183459_002,2025-10-23,18:34:59,CUST_9627,ACC_001,Magic Mouse,Accessories,3,99.99,299.96999999999997,Card,David Wilson,0
TXN_20251023_144850_003,2025-10-23,14:48:50,CUST_2290,ELEC_005,Sony WH-1000XM5,Electronics,1,399.99,399.99,Card,Eva Davis,0
TXN_20251023_171328_004,2025-10-23,17:13:28,CUST_9810,ELEC_004,AirPods Pro 2,Electronics,2,279.99,559.98,Cash,Alice Johnson,0
TXN_20251023_093931_005,2025-10-23,09:39:31,CUST_5924,SMART_003,Philips Hue Bulbs (4-pack),Smart_Home,3,89.99,229.47449999999998,Cash,Carol Brown,15
TXN_20251023_141546_006,2025-10-23,14:15:46,CUST_8094,SMART_001,Echo Dot (5th Gen),Smart_Home,3,59.99,179.97,Cash,Carol Brown,0
TXN_20251024_182348_000,2025-10-24,18:23:48,CUST_6000,ELEC_003,iPad Air,Electronics,3,799.99,2399.9700000000003,Digital,Alice Johnson,0
TXN_20251024_095346_001,2025-10-24,09:53:46,CUST_4956,ACC_001,Magic Mouse,Accessories,2,99.99,189.981,Card,David Wilson,5
TXN_20251024_185011_002,2025-10-24,18:50:11,CUST_1422,ACC_005,Screen Protector,Accessories,1,19.99,16.9915,Digital,Eva Davis,15
TXN_20251024_170508_003,2025-10-24,17:05:08,CUST_4792,ACC_001,Magic Mouse,Accessories,1,99.99,99.99,Cash,Bob Smith,0
TXN_20251024_105715_004,2025-10-24,10:57:15,CUST_5916,ACC_005,Screen Protector,Accessories,2,19.99,39.98,Cash,Bob Smith,0
TXN_20251024_173032_005,2025-10-24,17:30:32,CUST_5594,ELEC_002,Samsung Galaxy S24,Electronics,1,1099.99,1099.99,Digital,Bob Smith,0
TXN_20251024_163405_006,2025-10-24,16:34:05,CUST_8775,ACC_004,Phone Case iPhone 15,Accessories,3,24.99,74.97,Card,Bob Smith,0
TXN_20251025_104601_000,2025-10-25,10:46:01,CUST_4296,ELEC_004,AirPods Pro 2,Electronics,3,279.99,839.97,Cash,Carol Brown,0
TXN_20251025_115041_001,2025-10-25,11:50:41,CUST_4112,ELEC_002,Samsung Galaxy S24,Electronics,1,1099.99,1099.99,Cash,Bob Smith,0
TXN_20251025_104910_002,2025-10-25,10:49:10,CUST_7009,ACC_003,Wireless Charger,Accessories,2,39.99,75.98100000000001,Card,Alice Johnson,5
TXN_20251025_093648_003,2025-10-25,09:36:48,CUST_1500,ACC_003,Wireless Charger,Accessories,1,39.99,37.990500000000004,Card,Bob Smith,5
TXN_20251025_163446_004,2025-10-25,16:34:46,CUST_2736,ACC_005,Screen Protector,Accessories,1,19.99,19.99,Cash,Alice Johnson,0
TXN_20251025_111852_005,2025-10-25,11:18:52,CUST_7831,ELEC_001,iPhone 15 Pro,Electronics,1,1199.99,1199.99,Digital,David Wilson,0
TXN_20251025_153154_006,2025-10-25,15:31:54,CUST_1092,ACC_002,USB-C Hub,Accessories,1,49.99,47.490500000000004,Digital,Carol Brown,5
TXN_20251025_134122_007,2025-10-25,13:41:22,CUST_8177,ACC_002,USB-C Hub,Accessories,1,49.99,49.99,Digital,David Wilson,0
TXN_20251025_130128_008,2025-10-25,13:01:28,CUST_1083,ACC_004,Phone Case iPhone 15,Accessories,1,24.99,24.99,Card,Carol Brown,0
TXN_20251025_162307_009,2025-10-25,16:23:07,CUST_5726,ELEC_002,Samsung Galaxy S24,Electronics,2,1099.99,2199.98,Card,Carol Brown,0
TXN_20251025_113401_010,2025-10-25,11:34:01,CUST_6526,ELEC_002,Samsung Galaxy S24,Electronics,2,1099.99,2199.98,Digital,David Wilson,0
TXN_20251025_130350_011,2025-10-25,13:03:50,CUST_6269,ACC_005,Screen Protector,Accessories,2,19.99,39.98,Digital,Bob Smith,0
TXN_20251026_140335_000,2025-10-26,14:03:35,CUST_8324,SMART_001,Echo Dot (5th Gen),Smart_Home,2,59.99,119.98,Cash,Carol Brown,0
TXN_20251026_102707_001,2025-10-26,10:27:07,CUST_4914,ELEC_001,iPhone 15 Pro,Electronics,3,1199.99,3599.9700000000003,Card,Bob Smith,0
TXN_20251026_122724_002,2025-10-26,12:27:24,CUST_2129,ELEC_004,AirPods Pro 2,Electronics,1,279.99,279.99,Digital,David Wilson,0
TXN_20251026_162059_003,2025-10-26,16:20:59,CUST_8142,SMART_002,Google Nest Hub,Smart_Home,3,129.99,389.97,Card,Alice Johnson,0
TXN_20251026_101624_004,2025-10-26,10:16:24,CUST_1098,ELEC_002,Samsung Galaxy S24,Electronics,1,1099.99,1099.99,Digital,David Wilson,0
TXN_20251026_123728_005,2025-10-26,12:37:28,CUST_2981,ACC_004,Phone Case iPhone 15,Accessories,2,24.99,47.480999999999995,Card,David Wilson,5
TXN_20251026_101432_006,2025-10-26,10:14:32,CUST_3292,ELEC_005,Sony WH-1000XM5,Electronics,1,399.99,399.99,Cash,Carol Brown,0
TXN_20251026_153305_007,2025-10-26,15:33:05,CUST_1301,COMP_003,HP Spectre x360,Computers,3,1199.99,3599.9700000000003,Cash,Alice Johnson,0
TXN_20251026_183000_008,2025-10-26,18:30:00,CUST_2442,ACC_004,Phone Case iPhone 15,Accessories,3,24.99,71.22149999999999,Digital,Alice Johnson,5
TXN_20251026_185530_009,2025-10-26,18:55:30,CUST_4144,SMART_002,Google Nest Hub,Smart_Home,1,129.99,123.49050000000001,Digital,Eva Davis,5
TXN_20251026_163818_010,2025-10-26,16:38:18,CUST_7632,SMART_002,Google Nest Hub,Smart_Home,1,129.99,129.99,Digital,Eva Davis,0
TXN_20251026_184319_011,2025-10-26,18:43:19,CUST_1506,ACC_003,Wireless Charger,Accessories,3,39.99,119.97,Digital,Eva Davis,0
TXN_20251026_112546_012,2025-10-26,11:25:46,CUST_2250,ACC_005,Screen Protector,Accessories,2,19.99,39.98,Cash,Carol Brown,0
TXN_20251026_101520_013,2025-10-26,10:15:20,CUST_5288,ELEC_004,AirPods Pro 2,Electronics,2,279.99,559.98,Digital,Carol Brown,0
TXN_20251026_133408_014,2025-10-26,13:34:08,CUST_6247,ELEC_001,iPhone 15 Pro,Electronics,1,1199.99,1139.9905,Digital,David Wilson,5
TXN_20251026_125903_015,2025-10-26,12:59:03,CUST_9452,ELEC_002,Samsung Galaxy S24,Electronics,1,1099.99,1099.99,Cash,Alice Johnson,0
TXN_20251026_135122_016,2025-10-26,13:51:22,CUST_8303,SMART_003,Philips Hue Bulbs (4-pack),Smart_Home,2,89.99,179.98,Card,Carol Brown,0
TXN_20251027_094622_000,2025-10-27,09:46:22,CUST_7935,ACC_004,Phone Case iPhone 15,Accessories,3,24.99,67.473,Cash,Alice Johnson,10
TXN_20251027_184307_001,2025-10-27,18:43:07,CUST_7679,SMART_001,Echo Dot (5th Gen),Smart_Home,1,59.99,56.990500000000004,Digital,Eva Davis,5
TXN_20251027_164100_002,2025-10-27,16:41:00,CUST_3055,GAME_003,Nintendo Switch OLED,Gaming,1,349.99,349.99,Card,Bob Smith,0
TXN_20251027_171752_003,2025-10-27,17:17:52,CUST_9146,ELEC_002,Samsung Galaxy S24,Electronics,3,1099.99,3299.9700000000003,Digital,David Wilson,0
TXN_20251027_113426_004,2025-10-27,11:34:26,CUST_2256,ELEC_001,iPhone 15 Pro,Electronics,3,1199.99,3599.9700000000003,Cash,Alice Johnson,0
TXN_20251027_092612_005,2025-10-27,09:26:12,CUST_7142,GAME_003,Nintendo Switch OLED,Gaming,3,349.99,1049.97,Cash,David Wilson,0
TXN_20251027_145446_006,2025-10-27,14:54:46,CUST_7636,GAME_003,Nintendo Switch OLED,Gaming,1,349.99,349.99,Digital,Bob Smith,0
TXN_20251028_095257_000,2025-10-28,09:52:57,CUST_3407,ELEC_004,AirPods Pro 2,Electronics,1,279.99,279.99,Digital,Eva Davis,0
TXN_20251028_173602_001,2025-10-28,17:36:02,CUST_1053,ACC_005,Screen Protector,Accessories,2,19.99,39.98,Card,Eva Davis,0
TXN_20251028_161259_002,2025-10-28,16:12:59,CUST_2020,ELEC_002,Samsung Galaxy S24,Electronics,3,1099.99,3299.9700000000003,Card,Carol Brown,0
TXN_20251028_105934_003,2025-10-28,10:59:34,CUST_1906,ACC_005,Screen Protector,Accessories,1,19.99,18.990499999999997,Card,Eva Davis,5
TXN_20251028_151555_004,2025-10-28,15:15:55,CUST_6164,ACC_003,Wireless Charger,Accessories,2,39.99,79.98,Digital,Carol Brown,0
TXN_20251028_182817_005,2025-10-28,18:28:17,CUST_1308,COMP_004,Microsoft Surface Pro 9,Computers,3,1099.99,2969.973,Digital,Alice Johnson,10
TXN_20251028_102752_006,2025-10-28,10:27:52,CUST_3119,SMART_003,Philips Hue Bulbs (4-pack),Smart_Home,2,89.99,179.98,Card,Alice Johnson,0
TXN_20251029_184926_000,2025-10-29,18:49:26,CUST_4844,ACC_003,Wireless Charger,Accessories,1,39.99,39.99,Card,Alice Johnson,0
TXN_20251029_134458_001,2025-10-29,13:44:58,CUST_9357,ACC_002,USB-C Hub,Accessories,3,49.99,149.97,Digital,David Wilson,0
TXN_20251029_095215_002,2025-10-29,09:52:15,CUST_2760,ACC_005,Screen Protector,Accessories,3,19.99,59.97,Card,Eva Davis,0
TXN_20251029_185201_003,2025-10-29,18:52:01,CUST_2337,ACC_003,Wireless Charger,Accessories,3,39.99,119.97,Digital,David Wilson,0
TXN_20251029_145811_004,2025-10-29,14:58:11,CUST_2609,GAME_003,Nintendo Switch OLED,Gaming,2,349.99,699.98,Card,David Wilson,0
TXN_20251029_092729_005,2025-10-29,09:27:29,CUST_2642,SMART_002,Google Nest Hub,Smart_Home,3,129.99,389.97,Cash,David Wilson,0
TXN_20251030_090820_000,2025-10-30,09:08:20,CUST_9260,ACC_004,Phone Case iPhone 15,Accessories,2,24.99,49.98,Digital,Alice Johnson,0
TXN_20251030_113157_001,2025-10-30,11:31:57,CUST_9672,ACC_004,Phone Case iPhone 15,Accessories,3,24.99,74.97,Card,Eva Davis,0
TXN_20251030_160630_002,2025-10-30,16:06:30,CUST_4488,ACC_004,Phone Case iPhone 15,Accessories,2,24.99,49.98,Card,Carol Brown,0
TXN_20251030_114134_003,2025-10-30,11:41:34,CUST_8792,ELEC_002,Samsung Galaxy S24,Electronics,2,1099.99,2199.98,Digital,David Wilson,0
TXN_20251030_144053_004,2025-10-30,14:40:53,CUST_8179,COMP_003,HP Spectre x360,Computers,3,1199.99,3599.9700000000003,Digital,David Wilson,0
TXN_20251030_120333_005,2025-10-30,12:03:33,CUST_7227,ACC_005,Screen Protector,Accessories,3,19.99,59.97,Digital,Bob Smith,0
TXN_20251030_120246_006,2025-10-30,12:02:46,CUST_8350,ACC_004,Phone Case iPhone 15,Accessories,2,24.99,49.98,Cash,Bob Smith,0
TXN_20251030_184247_007,2025-10-30,18:42:47,CUST_8876,COMP_002,Dell XPS 13,Computers,2,1299.99,2599.98,Cash,Carol Brown,0
TXN_20251030_140411_008,2025-10-30,14:04:11,CUST_8929,GAME_003,Nintendo Switch OLED,Gaming,2,349.99,699.98,Cash,Eva Davis,0
TXN_20251030_112859_009,2025-10-30,11:28:59,CUST_8023,COMP_003,HP Spectre x360,Computers,1,1199.99,1199.99,Digital,Eva Davis,0
TXN_20251030_140810_010,2025-10-30,14:08:10,CUST_7002,ELEC_001,iPhone 15 Pro,Electronics,2,1199.99,2279.981,Card,Alice Johnson,5
TXN_20251030_173157_011,2025-10-30,17:31:57,CUST_4105,ELEC_002,Samsung Galaxy S24,Electronics,1,1099.99,1099.99,Card,Bob Smith,0
TXN_20251031_125110_000,2025-10-31,12:51:10,CUST_6483,ELEC_004,AirPods Pro 2,Electronics,1,279.99,279.99,Digital,Alice Johnson,0
TXN_20251031_123346_001,2025-10-31,12:33:46,CUST_8315,SMART_002,Google Nest Hub,Smart_Home,1,129.99,129.99,Card,Bob Smith,0
TXN_20251031_094708_002,2025-10-31,09:47:08,CUST_6551,ACC_003,Wireless Charger,Accessories,3,39.99,107.973,Digital,Carol Brown,10
TXN_20251031_171517_003,2025-10-31,17:15:17,CUST_5204,ACC_005,Screen Protector,Accessories,2,19.99,39.98,Card,Bob Smith,0
TXN_20251031_112823_004,2025-10-31,11:28:23,CUST_2063,ACC_005,Screen Protector,Accessories,1,19.99,19.99,Digital,Eva Davis,0
TXN_20251031_175857_005,2025-10-31,17:58:57,CUST_8721,ACC_002,USB-C Hub,Accessories,1,49.99,49.99,Cash,Eva Davis,0
TXN_20251101_163354_000,2025-11-01,16:33:54,CUST_4317,SMART_002,Google Nest Hub,Smart_Home,3,129.99,389.97,Digital,Bob Smith,0
TXN_20251101_091517_001,2025-11-01,09:15:17,CUST_3852,SMART_002,Google Nest Hub,Smart_Home,3,129.99,389.97,Digital,Alice Johnson,0
TXN_20251101_124503_002,2025-11-01,12:45:03,CUST_7567,ACC_005,Screen Protector,Accessories,2,19.99,39.98,Cash,Eva Davis,0
TXN_20251101_131208_003,2025-11-01,13:12:08,CUST_2701,ACC_004,Phone Case iPhone 15,Accessories,2,24.99,47.480999999999995,Digital,Alice Johnson,5
TXN_20251101_185838_004,2025-11-01,18:58:38,CUST_8162,ACC_001,Magic Mouse,Accessories,2,99.99,199.98,Digital,Alice Johnson,0
TXN_20251101_120814_005,2025-11-01,12:08:14,CUST_9208,ACC_004,Phone Case iPhone 15,Accessories,2,24.99,44.982,Digital,Alice Johnson,10
TXN_20251101_093724_006,2025-11-01,09:37:24,CUST_2836,ACC_004,Phone Case iPhone 15,Accessories,2,24.99,49.98,Cash,Eva Davis,0
TXN_20251101_104615_007,2025-11-01,10:46:15,CUST_4959,ACC_003,Wireless Charger,Accessories,2,39.99,79.98,Cash,David Wilson,0
TXN_20251101_133600_008,2025-11-01,13:36:00,CUST_2365,SMART_001,Echo Dot (5th Gen),Smart_Home,3,59.99,179.97,Cash,Alice Johnson,0
TXN_20251101_172014_009,2025-11-01,17:20:14,CUST_6817,ELEC_002,Samsung Galaxy S24,Electronics,1,1099.99,1099.99,Cash,Carol Brown,0
TXN_20251101_134129_010,2025-11-01,13:41:29,CUST_6668,ACC_005,Screen Protector,Accessories,1,19.99,19.99,Card,Eva Davis,0
TXN_20251101_140702_011,2025-11-01,14:07:02,CUST_4768,ELEC_003,iPad Air,Electronics,2,799.99,1519.981,Cash,Carol Brown,5
TXN_20251101_143459_012,2025-11-01,14:34:59,CUST_6392,COMP_003,HP Spectre x360,Computers,1,1199.99,1199.99,Cash,Bob Smith,0
TXN_20251101_154745_013,2025-11-01,15:47:45,CUST_9745,SMART_001,Echo Dot (5th Gen),Smart_Home,2,59.99,119.98,Digital,Alice Johnson,0
TXN_20251101_132604_014,2025-11-01,13:26:04,CUST_5850,ACC_005,Screen Protector,Accessories,1,19.99,19.99,Card,Bob Smith,0
TXN_20251101_185740_015,2025-11-01,18:57:40,CUST_5476,SMART_001,Echo Dot (5th Gen),Smart_Home,1,59.99,56.990500000000004,Cash,Alice Johnson,5
TXN_20251101_120445_016,2025-11-01,12:04:45,CUST_5773,COMP_002,Dell XPS 13,Computers,2,1299.99,2599.98,Digital,David Wilson,0
TXN_20251101_145412_017,2025-11-01,14:54:12,CUST_2775,ACC_002,USB-C Hub,Accessories,1,49.99,47.490500000000004,Cash,Bob Smith,5
TXN_20251101_122725_018,2025-11-01,12:27:25,CUST_9802,ACC_003,Wireless Charger,Accessories,2,39.99,79.98,Digital,Carol Brown,0
TXN_20251101_133239_019,2025-11-01,13:32:39,CUST_8336,ACC_003,Wireless Charger,Accessories,2,39.99,79.98,Digital,Bob Smith,0
TXN_20251101_110921_020,2025-11-01,11:09:21,CUST_6346,ACC_004,Phone Case iPhone 15,Accessories,2,24.99,49.98,Cash,David Wilson,0
TXN_20251101_162058_021,2025-11-01,16:20:58,CUST_4941,ACC_001,Magic Mouse,Accessories,2,99.99,199.98,Cash,David Wilson,0
TXN_20251101_172126_022,2025-11-01,17:21:26,CUST_1801,SMART_002,Google Nest Hub,Smart_Home,2,129.99,259.98,Card,Carol Brown,0
TXN_20251101_135728_023,2025-11-01,13:57:28,CUST_3584,ELEC_001,iPhone 15 Pro,Electronics,2,1199.99,2279.981,Card,Eva Davis,5
TXN_20251101_143139_024,2025-11-01,14:31:39,CUST_4442,ELEC_001,iPhone 15 Pro,Electronics,1,1199.99,1199.99,Digital,Bob Smith,0
TXN_20251101_111339_025,2025-11-01,11:13:39,CUST_6524,ELEC_004,AirPods Pro 2,Electronics,3,279.99,839.97,Card,Carol Brown,0
TXN_20251101_120145_026,2025-11-01,12:01:45,CUST_2061,SMART_003,Philips Hue Bulbs (4-pack),Smart_Home,3,89.99,269.96999999999997,Card,Eva Davis,0
TXN_20251102_141609_000,2025-11-02,14:16:09,CUST_4359,COMP_002,Dell XPS 13,Computers,3,1299.99,3899.9700000000003,Card,Bob Smith,0
TXN_20251102_131838_001,2025-11-02,13:18:38,CUST_8399,ACC_005,Screen Protector,Accessories,3,19.99,59.97,Cash,David Wilson,0
TXN_20251102_111144_002,2025-11-02,11:11:44,CUST_9308,ACC_001,Magic Mouse,Accessories,1,99.99,89.991,Card,Bob Smith,10
TXN_20251102_094114_003,2025-11-02,09:41:14,CUST_8164,ACC_001,Magic Mouse,Accessories,1,99.99,99.99,Card,Eva Davis,0
TXN_20251102_115823_004,2025-11-02,11:58:23,CUST_7191,ACC_001,Magic Mouse,Accessories,2,99.99,199.98,Cash,Eva Davis,0
TXN_20251102_175934_005,2025-11-02,17:59:34,CUST_7724,SMART_001,Echo Dot (5th Gen),Smart_Home,1,59.99,59.99,Card,David Wilson,0
TXN_20251102_132447_006,2025-11-02,13:24:47,CUST_3492,ACC_004,Phone Case iPhone 15,Accessories,2,24.99,49.98,Digital,Bob Smith,0
TXN_20251102_183420_007,2025-11-02,18:34:20,CUST_7192,ACC_003,Wireless Charger,Accessories,2,39.99,71.982,Digital,Bob Smith,10
TXN_20251102_145644_008,2025-11-02,14:56:44,CUST_9447,COMP_001,MacBook Air M3,Computers,3,1399.99,4199.97,Cash,Eva Davis,0
TXN_20251102_104633_009,2025-11-02,10:46:33,CUST_5983,SMART_001,Echo Dot (5th Gen),Smart_Home,1,59.99,59.99,Card,David Wilson,0
TXN_20251102_183158_010,2025-11-02,18:31:58,CUST_1942,ELEC_004,AirPods Pro 2,Electronics,2,279.99,559.98,Digital,Eva Davis,0
TXN_20251102_173156_011,2025-11-02,17:31:56,CUST_8229,ELEC_004,AirPods Pro 2,Electronics,1,279.99,251.991,Card,Carol Brown,10
TXN_20251102_155603_012,2025-11-02,15:56:03,CUST_2438,ACC_005,Screen Protector,Accessories,2,19.99,39.98,Card,Eva Davis,0
TXN_20251102_171315_013,2025-11-02,17:13:15,CUST_2032,ACC_005,Screen Protector,Accessories,2,19.99,33.983,Cash,Eva Davis,15
TXN_20251102_115757_014,2025-11-02,11:57:57,CUST_3501,ACC_005,Screen Protector,Accessories,1,19.99,19.99,Digital,Carol Brown,0
TXN_20251103_115356_000,2025-11-03,11:53:56,CUST_2179,GAME_002,Xbox Series X,Gaming,2,499.99,999.98,Digital,Bob Smith,0
TXN_20251103_130931_001,2025-11-03,13:09:31,CUST_2393,ACC_002,USB-C Hub,Accessories,2,49.99,99.98,Cash,David Wilson,0
TXN_20251103_163623_002,2025-11-03,16:36:23,CUST_5971,ELEC_003,iPad Air,Electronics,2,799.99,1599.98,Digital,Alice Johnson,0
TXN_20251103_133428_003,2025-11-03,13:34:28,CUST_5153,ACC_003,Wireless Charger,Accessories,1,39.99,39.99,Card,Alice Johnson,0
TXN_20251103_164358_004,2025-11-03,16:43:58,CUST_2663,ACC_003,Wireless Charger,Accessories,2,39.99,79.98,Card,Carol Brown,0
TXN_20251103_133730_005,2025-11-03,13:37:30,CUST_6019,ACC_003,Wireless Charger,Accessories,1,39.99,39.99,Digital,Carol Brown,0
TXN_20251103_121623_006,2025-11-03,12:16:23,CUST_5580,ACC_001,Magic Mouse,Accessories,1,99.99,99.99,Cash,Bob Smith,0
TXN_20251104_101551_000,2025-11-04,10:15:51,CUST_7396,ACC_005,Screen Protector,Accessories,2,19.99,37.980999999999995,Card,Carol Brown,5
TXN_20251104_114054_001,2025-11-04,11:40:54,CUST_3642,ACC_005,Screen Protector,Accessories,2,19.99,39.98,Cash,Alice Johnson,0
TXN_20251104_095824_002,2025-11-04,09:58:24,CUST_9283,COMP_001,MacBook Air M3,Computers,3,1399.99,4199.97,Cash,Alice Johnson,0
TXN_20251104_102827_003,2025-11-04,10:28:27,CUST_7827,ACC_004,Phone Case iPhone 15,Accessories,3,24.99,71.22149999999999,Digital,Bob Smith,5
TXN_20251104_131330_004,2025-11-04,13:13:30,CUST_7410,ACC_001,Magic Mouse,Accessories,3,99.99,299.96999999999997,Cash,Carol Brown,0
TXN_20251104_113350_005,2025-11-04,11:33:50,CUST_9026,ACC_005,Screen Protector,Accessories,1,19.99,17.991,Card,Bob Smith,10
TXN_20251104_110003_006,2025-11-04,11:00:03,CUST_1002,SMART_001,Echo Dot (5th Gen),Smart_Home,1,59.99,59.99,Digital,Alice Johnson,0
TXN_20251105_125702_000,2025-11-05,12:57:02,CUST_9881,ACC_003,Wireless Charger,Accessories,2,39.99,79.98,Cash,Carol Brown,0
TXN_20251105_163025_001,2025-11-05,16:30:25,CUST_3261,ACC_001,Magic Mouse,Accessories,3,99.99,299.96999999999997,Card,Eva Davis,0
TXN_20251105_125318_002,2025-11-05,12:53:18,CUST_1081,ACC_004,Phone Case iPhone 15,Accessories,2,24.99,49.98,Digital,David Wilson,0
TXN_20251106_095648_000,2025-11-06,09:56:48,CUST_5270,COMP_004,Microsoft Surface Pro 9,Computers,2,1099.99,2199.98,Cash,Alice Johnson,0
TXN_20251106_103354_001,2025-11-06,10:33:54,CUST_1488,ACC_005,Screen Protector,Accessories,2,19.99,37.980999999999995,Card,David Wilson,5
TXN_20251106_100557_002,2025-11-06,10:05:57,CUST_5859,SMART_001,Echo Dot (5th Gen),Smart_Home,3,59.99,179.97,Digital,David Wilson,0
TXN_20251106_142415_003,2025-11-06,14:24:15,CUST_2902,ELEC_002,Samsung Galaxy S24,Electronics,2,1099.99,2199.98,Digital,David Wilson,0
TXN_20251106_091332_004,2025-11-06,09:13:32,CUST_6571,GAME_003,Nintendo Switch OLED,Gaming,2,349.99,699.98,Cash,Eva Davis,0
TXN_20251106_145454_005,2025-11-06,14:54:54,CUST_4882,ELEC_004,AirPods Pro 2,Electronics,2,279.99,559.98,Card,Alice Johnson,0
TXN_20251106_115605_006,2025-11-06,11:56:05,CUST_7453,ELEC_004,AirPods Pro 2,Electronics,2,279.99,559.98,Card,Eva Davis,0
TXN_20251106_121214_007,2025-11-06,12:12:14,CUST_7777,SMART_003,Philips Hue Bulbs (4-pack),Smart_Home,1,89.99,89.99,Cash,David Wilson,0
TXN_20251106_153823_008,2025-11-06,15:38:23,CUST_7446,ACC_001,Magic Mouse,Accessories,2,99.99,189.981,Card,David Wilson,5
TXN_20251106_135347_009,2025-11-06,13:53:47,CUST_1207,ACC_004,Phone Case iPhone 15,Accessories,2,24.99,42.483,Card,David Wilson,15
TXN_20251106_183402_010,2025-11-06,18:34:02,CUST_9189,COMP_002,Dell XPS 13,Computers,2,1299.99,2599.98,Card,Eva Davis,0
TXN_20251107_095205_000,2025-11-07,09:52:05,CUST_5578,ELEC_003,iPad Air,Electronics,3,799.99,2039.9745000000003,Card,Alice Johnson,15
TXN_20251107_101822_001,2025-11-07,10:18:22,CUST_9070,ACC_005,Screen Protector,Accessories,1,19.99,17.991,Cash,David Wilson,10
TXN_20251107_180755_002,2025-11-07,18:07:55,CUST_1727,ACC_002,USB-C Hub,Accessories,3,49.99,149.97,Cash,Carol Brown,0
TXN_20251107_103116_003,2025-11-07,10:31:16,CUST_4608,SMART_002,Google Nest Hub,Smart_Home,3,129.99,389.97,Card,David Wilson,0
TXN_20251107_163347_004,2025-11-07,16:33:47,CUST_3915,ELEC_005,Sony WH-1000XM5,Electronics,1,399.99,379.9905,Digital,David Wilson,5
TXN_20251107_183432_005,2025-11-07,18:34:32,CUST_2578,SMART_002,Google Nest Hub,Smart_Home,3,129.99,350.973,Digital,Bob Smith,10
TXN_20251107_114837_006,2025-11-07,11:48:37,CUST_2019,ELEC_004,AirPods Pro 2,Electronics,3,279.99,839.97,Card,Eva Davis,0
TXN_20251107_104253_007,2025-11-07,10:42:53,CUST_6117,ELEC_005,Sony WH-1000XM5,Electronics,3,399.99,1079.973,Digital,Eva Davis,10
TXN_20251107_103105_008,2025-11-07,10:31:05,CUST_8478,ACC_001,Magic Mouse,Accessories,1,99.99,99.99,Card,Carol Brown,0
TXN_20251107_122216_009,2025-11-07,12:22:16,CUST_2724,ELEC_003,iPad Air,Electronics,1,799.99,799.99,Digital,Alice Johnson,0
TXN_20251107_164222_010,2025-11-07,16:42:22,CUST_7434,ACC_004,Phone Case iPhone 15,Accessories,1,24.99,24.99,Digital,Carol Brown,0
TXN_20251107_135519_011,2025-11-07,13:55:19,CUST_4977,ACC_005,Screen Protector,Accessories,2,19.99,39.98,Digital,David Wilson,0
TXN_20251107_181456_012,2025-11-07,18:14:56,CUST_8073,ACC_005,Screen Protector,Accessories,2,19.99,39.98,Digital,Eva Davis,0
